cpu_usage,cpu_temp,ram_usage,gpu_usage,gpu_temp,disk_usage,process_count,risk_level
70,40,85,96,41,43,59,Normal
63,46,22,63,54,11,245,Normal
90,92,64,3,51,74,210,Warning
32,73,74,72,83,24,122,Warning
48,62,62,40,71,33,60,Normal
77,49,60,90,57,38,248,Normal
12,63,70,72,83,87,136,Warning
59,87,20,7,87,45,61,Critical
16,52,51,26,77,55,174,Normal
82,85,62,56,37,71,211,Warning
81,62,56,55,73,61,195,Normal
10,46,90,83,37,84,126,Normal
34,48,20,30,35,62,188,Normal
84,74,34,78,44,35,237,Normal
25,83,77,18,53,10,181,Normal
87,81,83,16,84,21,172,Critical
25,67,91,94,52,36,54,Warning
73,71,83,0,66,41,224,Critical
32,47,64,1,82,77,102,Normal
61,37,63,2,86,40,70,Warning
16,86,42,46,74,59,236,Critical
63,62,98,75,90,74,178,Critical
74,72,28,90,76,78,212,Critical
21,59,69,19,69,44,130,Normal
38,48,58,17,85,41,132,Normal
89,95,49,91,82,50,62,Critical
14,55,27,14,87,34,90,Normal
23,57,89,87,56,89,136,Normal
49,41,62,63,47,32,197,Normal
13,35,50,43,83,32,208,Warning
74,57,79,58,81,20,173,Warning
76,83,84,59,40,41,53,Warning
17,73,33,14,78,95,148,Warning
74,90,63,67,69,29,63,Warning
99,91,58,68,38,15,155,Normal
82,51,28,68,65,65,129,Normal
82,61,56,9,76,71,130,Normal
57,56,99,33,72,32,84,Warning
15,75,33,20,87,62,169,Warning
77,56,70,35,77,35,161,Normal
62,83,22,34,36,13,127,Normal
54,73,32,94,79,83,64,Warning
87,89,80,37,39,66,95,Warning
29,46,77,80,70,15,61,Normal
51,43,98,28,48,95,125,Normal
47,94,54,36,68,20,122,Warning
34,50,43,37,65,57,120,Normal
87,59,39,66,80,11,63,Normal
16,74,85,50,69,38,196,Warning
62,79,75,54,41,77,202,Warning
26,78,98,62,41,95,138,Warning
78,68,63,11,58,67,205,Normal
61,72,99,15,41,78,74,Warning
89,94,68,12,89,67,137,Critical
87,72,72,69,40,93,64,Normal
90,41,63,3,71,64,238,Normal
28,64,23,37,59,95,60,Normal
75,74,50,85,67,90,233,Critical
78,36,52,22,44,92,167,Normal
97,46,32,78,86,49,239,Warning
69,42,99,29,40,28,203,Warning
23,47,67,69,35,97,94,Normal
97,76,66,14,74,94,126,Warning
44,65,56,15,64,35,102,Normal
49,58,61,63,40,53,102,Normal
89,57,63,28,69,60,97,Normal
59,38,70,21,63,44,240,Normal
30,79,44,96,50,28,235,Warning
83,70,64,16,50,51,78,Normal
39,69,26,8,68,81,191,Normal
88,77,89,83,59,59,223,Warning
11,47,100,27,73,64,94,Warning
50,93,53,2,89,69,73,Critical
87,83,34,65,35,72,124,Normal
18,87,73,1,73,52,181,Warning
83,57,87,49,84,14,187,Warning
23,42,20,75,65,47,122,Normal
44,63,21,99,35,41,102,Normal
14,70,77,14,43,15,210,Warning
50,82,24,19,48,14,185,Normal
59,88,75,63,38,30,69,Warning
46,43,54,35,38,75,77,Normal
68,47,81,92,76,45,57,Warning
29,83,22,18,38,48,74,Normal
32,83,49,83,58,73,192,Normal
40,82,50,17,61,88,138,Normal
60,64,63,32,36,42,206,Normal
99,53,22,99,82,92,132,Warning
55,41,42,90,35,60,177,Normal
70,37,61,80,69,21,169,Normal
60,91,36,70,74,34,174,Critical
11,73,85,90,60,72,241,Critical
39,39,100,2,57,19,165,Normal
13,92,79,52,38,33,242,Warning
92,37,98,17,49,60,106,Normal
98,38,33,4,83,77,85,Normal
60,67,68,27,69,85,158,Normal
46,81,75,75,73,21,124,Warning
34,52,81,88,61,54,82,Normal
53,85,65,98,48,67,93,Warning
55,82,30,94,68,57,127,Warning
29,43,31,67,55,39,112,Normal
91,35,31,85,41,52,139,Normal
67,89,20,6,78,18,81,Critical
80,64,87,43,80,23,237,Warning
88,54,41,87,65,12,148,Normal
32,76,45,27,42,13,223,Normal
19,53,71,42,60,59,185,Normal
46,70,76,39,84,32,134,Critical
75,80,65,80,41,16,143,Normal
13,80,79,34,51,62,114,Normal
77,39,20,76,80,61,95,Normal
15,48,73,21,86,29,100,Normal
33,90,76,22,47,60,126,Warning
25,78,55,95,50,87,77,Normal
84,77,34,23,40,87,88,Normal
57,63,41,33,62,19,187,Normal
55,37,86,4,82,48,249,Warning
64,64,72,53,81,36,223,Warning
96,92,95,21,38,63,72,Warning
47,45,24,36,35,30,228,Normal
18,58,66,97,65,78,57,Normal
73,93,42,43,56,31,184,Warning
94,63,44,54,49,26,186,Normal
84,83,28,46,82,56,170,Warning
61,92,29,19,67,65,164,Warning
16,44,100,28,62,45,91,Normal
12,43,36,12,63,89,213,Normal
36,36,70,2,44,67,147,Normal
70,78,31,22,35,82,131,Normal
14,42,89,11,46,87,90,Normal
37,88,97,66,50,93,66,Critical
69,50,70,61,80,45,243,Warning
48,54,71,59,36,82,151,Normal
22,36,31,33,38,47,114,Normal
100,56,68,11,78,59,111,Normal
67,66,77,78,58,94,88,Warning
92,86,31,49,52,79,157,Normal
64,47,60,66,38,52,91,Normal
93,83,81,44,44,80,63,Normal
49,79,83,90,83,52,145,Critical
10,76,88,61,83,39,69,Critical
64,71,52,99,37,89,153,Warning
55,88,46,58,86,38,148,Critical
29,39,77,62,77,62,158,Normal
19,58,81,44,46,56,65,Normal
73,67,66,12,53,74,197,Normal
38,64,34,62,43,85,197,Normal
16,74,93,85,74,56,188,Critical
28,91,74,2,86,56,154,Critical
40,67,46,4,70,18,242,Warning
45,56,95,50,42,37,79,Normal
89,55,70,58,63,45,75,Normal
44,93,32,4,83,26,140,Critical
77,42,62,24,60,53,105,Normal
17,89,27,91,50,79,223,Warning
36,78,71,16,36,82,134,Normal
39,50,98,43,47,86,169,Normal
68,35,96,81,66,38,223,Warning
34,66,27,66,65,39,150,Normal
99,38,95,6,72,96,157,Warning
26,76,35,4,45,34,105,Normal
61,69,67,94,71,97,225,Critical
41,57,86,77,89,45,121,Warning
56,83,21,12,77,22,54,Warning
77,40,98,31,63,76,229,Warning
11,85,56,43,76,40,75,Warning
44,84,99,62,85,53,155,Critical
67,63,43,98,42,10,223,Warning
99,36,97,69,49,85,250,Normal
33,50,36,11,83,83,132,Normal
58,77,99,83,85,49,143,Critical
93,70,56,3,50,76,116,Normal
52,73,48,87,63,27,231,Warning
83,86,30,70,45,38,186,Normal
99,95,71,44,81,59,235,Critical
19,69,80,93,76,33,200,Critical
93,37,32,32,86,46,209,Warning
80,80,51,26,40,78,127,Normal
86,84,38,79,84,42,161,Warning
77,59,63,78,46,21,190,Normal
98,45,51,84,36,45,248,Normal
46,61,66,5,71,92,72,Warning
65,68,92,44,77,36,207,Critical
20,40,47,74,45,80,137,Normal
90,40,34,95,75,91,94,Warning
74,85,52,31,54,93,114,Warning
88,49,45,71,72,76,167,Normal
34,81,68,57,84,77,234,Critical
98,61,38,19,90,91,230,Critical
70,83,71,94,74,22,147,Critical
81,36,36,87,48,54,157,Normal
72,44,54,2,71,63,209,Warning
54,53,91,59,64,58,134,Normal
67,49,42,12,59,48,128,Normal
94,74,53,18,36,79,152,Normal
34,55,91,90,43,39,71,Normal
90,81,57,53,47,40,192,Normal
30,94,31,63,57,32,123,Normal
98,43,21,74,49,19,170,Normal
41,45,81,21,78,100,207,Warning
54,38,95,88,40,37,102,Normal
24,38,87,87,57,53,194,Normal
36,50,87,28,44,93,165,Normal
45,79,41,87,72,29,158,Warning
58,78,91,75,61,73,149,Warning
83,66,22,1,85,86,94,Warning
72,87,53,1,55,23,207,Warning
92,36,83,18,80,55,215,Warning
57,62,84,74,71,42,226,Warning
19,75,58,45,51,24,147,Normal
33,38,81,66,43,98,203,Normal
41,87,41,46,52,73,54,Normal
78,52,61,63,63,44,246,Normal
10,78,21,52,53,57,186,Normal
80,89,96,48,83,12,126,Critical
82,84,92,63,74,60,184,Critical
68,78,71,17,72,89,122,Warning
79,77,40,74,51,33,232,Warning
26,62,31,31,83,72,179,Warning
93,58,50,18,71,95,110,Normal
38,41,85,89,40,95,140,Normal
60,43,23,28,43,49,154,Normal
38,64,64,100,49,64,126,Normal
23,66,75,36,53,96,165,Normal
55,76,47,74,86,75,89,Warning
42,82,53,38,59,69,115,Normal
56,82,87,30,53,28,51,Normal
40,63,53,8,86,76,232,Warning
88,89,67,19,62,57,73,Warning
85,82,32,43,45,27,247,Normal
43,84,53,72,59,22,92,Normal
17,92,20,68,52,21,206,Warning
95,84,53,33,61,99,201,Warning
60,48,91,65,64,73,182,Warning
32,87,57,37,59,35,152,Normal
60,46,100,78,62,47,104,Warning
52,74,22,98,86,16,109,Critical
82,47,61,14,42,53,73,Normal
50,73,42,13,79,22,187,Warning
57,52,54,50,41,62,135,Normal
10,92,91,50,70,13,205,Critical
92,53,23,59,41,59,237,Normal
68,59,99,88,72,82,136,Critical
18,86,42,20,83,58,163,Critical
79,37,53,9,42,47,68,Normal
61,77,44,64,70,56,63,Warning
47,77,38,45,69,27,141,Normal
47,68,35,48,52,41,52,Normal
92,65,20,79,72,32,212,Warning
100,84,59,52,74,12,174,Warning
46,59,23,4,76,58,168,Normal
99,54,44,24,40,24,243,Normal
63,53,33,3,69,84,206,Normal
17,72,99,94,88,70,177,Critical
83,95,89,4,55,35,191,Warning
31,51,97,58,58,86,133,Normal
28,51,69,45,76,81,83,Normal
35,36,26,79,73,86,200,Normal
46,49,33,34,44,94,155,Normal
80,55,66,53,50,82,73,Normal
71,40,45,55,67,47,207,Normal
30,42,92,85,49,49,210,Warning
66,41,86,66,57,48,123,Normal
10,46,63,76,79,13,145,Normal
25,39,90,23,50,37,79,Normal
66,80,57,74,36,43,59,Normal
68,53,90,28,80,39,174,Warning
55,37,86,30,67,99,76,Normal
50,62,58,5,35,63,183,Normal
55,62,31,52,56,72,175,Normal
33,48,41,87,63,30,173,Normal
12,83,50,94,88,43,148,Critical
98,77,41,39,51,36,231,Normal
46,76,74,43,39,76,54,Normal
97,48,97,35,89,20,233,Critical
63,91,94,84,35,66,155,Critical
12,35,39,42,76,81,217,Normal
14,54,76,72,44,87,129,Normal
66,45,75,48,81,83,196,Warning
21,58,25,90,53,31,204,Normal
47,55,93,18,59,42,239,Normal
18,66,61,81,42,87,67,Normal
42,35,66,100,48,11,176,Normal
46,91,63,90,41,87,234,Warning
41,38,53,85,57,65,221,Normal
49,65,74,53,39,83,89,Normal
82,66,44,3,48,61,160,Normal
34,49,42,32,62,57,212,Normal
80,76,59,2,39,57,234,Normal
17,57,37,1,90,32,241,Warning
40,44,23,43,64,77,99,Normal
80,47,31,19,85,29,78,Normal
12,74,98,92,70,22,234,Critical
40,45,32,30,57,42,171,Normal
42,94,45,15,62,84,190,Warning
11,92,50,44,52,27,213,Warning
87,70,59,58,54,40,246,Normal
53,35,42,46,50,61,186,Normal
62,36,46,1,41,79,180,Normal
49,38,59,72,37,38,218,Normal
76,72,56,80,58,14,180,Normal
52,93,63,23,62,53,133,Warning
70,46,83,2,56,33,152,Normal
16,81,25,99,63,18,147,Warning
32,73,76,12,72,96,84,Critical
31,72,45,83,75,54,228,Warning
22,36,91,18,67,36,161,Normal
67,59,24,16,58,95,122,Normal
24,89,26,48,68,90,109,Warning
43,82,99,8,63,68,141,Warning
36,36,24,31,65,48,237,Normal
26,47,79,20,77,47,155,Normal
93,44,74,39,41,98,189,Normal
80,72,33,10,77,73,189,Warning
100,43,68,76,48,76,100,Normal
25,65,26,23,35,66,169,Normal
92,86,65,51,53,15,201,Warning
61,35,70,30,82,35,83,Warning
48,83,77,79,64,19,157,Warning
73,52,63,62,70,32,102,Normal
14,64,48,19,57,34,145,Normal
26,87,76,85,78,17,104,Critical
21,80,86,21,85,38,183,Critical
55,56,53,43,82,35,113,Normal
40,78,71,27,85,59,76,Warning
76,42,93,78,87,42,84,Critical
89,67,58,75,74,59,56,Normal
39,69,26,71,67,49,85,Normal
32,89,81,89,60,96,228,Critical
70,71,50,32,65,20,244,Warning
22,47,32,96,43,44,235,Normal
11,71,67,1,60,58,142,Normal
93,69,64,9,58,73,118,Normal
21,59,75,98,40,53,161,Normal
41,59,95,22,48,42,65,Normal
42,77,52,86,61,32,63,Warning
38,43,69,75,63,27,179,Normal
21,84,84,21,80,28,152,Warning
78,38,28,96,39,31,213,Normal
75,62,56,25,68,28,79,Normal
80,68,47,27,61,43,206,Normal
20,69,65,56,89,82,136,Warning
99,91,40,73,88,20,101,Critical
98,77,31,35,76,84,162,Warning
36,83,71,44,51,60,148,Normal
41,47,74,46,64,50,92,Normal
40,90,97,64,39,55,126,Warning
22,54,70,93,59,80,122,Normal
76,44,24,55,49,42,107,Normal
51,78,27,59,62,28,227,Warning
80,41,27,28,78,97,219,Warning
59,85,49,8,84,86,204,Critical
80,75,96,47,64,67,151,Warning
84,72,53,63,88,38,161,Warning
39,55,42,93,67,13,250,Normal
86,74,44,81,37,41,126,Normal
82,35,55,99,73,69,137,Normal
85,85,59,71,61,36,95,Warning
58,59,67,99,48,35,225,Normal
72,40,43,80,70,73,183,Normal
100,84,21,61,57,95,203,Warning
23,92,81,40,46,62,208,Warning
43,42,34,17,52,61,157,Normal
40,83,32,55,52,27,237,Normal
58,64,72,29,79,60,243,Warning
29,54,81,99,49,47,53,Normal
29,59,90,59,70,57,184,Warning
24,35,28,58,51,62,103,Normal
54,35,34,73,47,66,59,Normal
80,45,23,62,62,15,98,Normal
51,46,62,71,83,79,176,Normal
89,51,61,25,82,26,70,Normal
98,39,96,67,68,67,181,Normal
41,85,24,86,88,16,173,Critical
45,83,39,75,59,23,165,Normal
24,79,49,58,63,41,195,Normal
63,94,91,56,77,87,178,Critical
54,72,97,13,56,22,196,Warning
16,53,54,39,89,57,197,Normal
88,76,45,20,35,19,64,Normal
23,74,69,44,81,61,241,Warning
83,89,79,16,70,60,104,Critical
85,64,43,31,54,31,58,Normal
34,76,40,3,63,46,241,Warning
67,90,70,47,80,12,116,Critical
36,40,29,18,46,54,142,Normal
25,80,41,26,59,72,219,Normal
19,78,91,37,53,31,122,Warning
17,74,52,19,64,42,247,Warning
51,61,33,15,46,63,57,Normal
70,85,27,41,74,99,106,Critical
40,77,57,54,53,10,234,Normal
33,72,74,81,57,14,59,Normal
11,72,45,42,65,56,246,Warning
58,39,83,85,64,74,172,Normal
87,54,55,19,66,46,92,Normal
71,94,68,74,90,26,94,Critical
47,87,65,18,61,60,200,Warning
59,42,46,28,90,100,71,Warning
93,52,81,22,62,80,234,Normal
11,83,23,31,70,68,208,Warning
24,70,90,54,87,10,64,Critical
93,43,63,63,67,16,94,Normal
32,88,95,27,62,53,192,Critical
68,40,45,86,79,56,138,Warning
41,66,33,81,83,15,235,Warning
70,52,72,37,70,18,94,Normal
92,38,55,82,53,77,174,Normal
86,39,89,76,70,77,90,Normal
10,54,84,100,82,63,87,Warning
90,74,81,10,72,11,185,Warning
82,47,96,28,88,77,170,Warning
80,66,52,60,40,84,184,Normal
80,78,42,88,84,94,146,Critical
84,36,98,52,84,99,97,Critical
75,57,92,86,89,78,89,Critical
94,93,86,54,85,47,245,Critical
35,88,61,46,78,47,223,Critical
87,42,60,2,58,38,246,Normal
42,66,60,8,46,52,61,Normal
98,90,46,31,83,67,234,Critical
25,63,76,56,35,55,168,Normal
54,55,52,66,56,58,130,Normal
77,66,28,52,80,41,227,Warning
27,94,35,17,81,66,210,Critical
63,79,36,35,48,23,108,Normal
12,80,65,80,54,61,107,Normal
91,36,29,65,46,51,238,Normal
26,88,62,17,63,26,139,Warning
42,62,89,76,53,96,82,Normal
55,82,88,12,47,90,195,Warning
53,55,40,29,90,67,209,Warning
50,45,55,6,37,33,119,Normal
70,92,69,61,64,43,169,Warning
51,85,77,43,84,100,79,Critical
92,46,85,19,57,47,164,Normal
58,49,61,7,50,37,165,Normal
53,64,77,25,89,100,225,Critical
56,41,75,63,71,63,110,Normal
13,47,59,43,55,63,58,Normal
44,53,34,28,59,80,198,Normal
81,77,71,70,35,55,190,Normal
65,68,50,91,54,22,63,Normal
35,52,84,42,75,22,50,Normal
95,48,50,4,78,59,199,Normal
92,94,61,77,47,11,81,Normal
80,45,70,66,86,37,116,Normal
66,63,27,31,49,13,118,Normal
58,51,40,72,62,69,69,Normal
80,35,72,85,74,84,60,Normal
29,83,44,21,69,43,107,Normal
46,38,95,20,60,24,143,Normal
100,50,28,3,36,22,133,Normal
18,46,70,96,55,62,191,Normal
53,84,50,1,81,52,236,Warning
91,62,63,77,56,12,129,Normal
74,64,61,18,87,30,56,Warning
12,79,77,6,58,40,189,Normal
54,64,29,10,41,21,71,Normal
73,83,64,92,54,92,65,Warning
92,70,99,86,37,29,234,Critical
80,54,93,69,52,15,127,Normal
80,51,40,21,44,16,238,Normal
64,53,34,58,73,57,177,Normal
57,80,40,9,52,43,242,Normal
21,92,31,56,48,92,147,Warning
38,51,56,55,50,58,133,Normal
95,38,20,42,86,71,115,Normal
83,59,23,59,53,26,160,Normal
18,53,63,18,63,86,147,Normal
35,69,41,80,35,70,209,Normal
68,69,62,35,81,88,223,Warning
87,91,56,1,40,24,105,Normal
21,77,48,60,88,25,245,Critical
35,91,94,77,52,27,138,Warning
65,94,23,97,65,83,194,Critical
94,92,26,29,75,62,86,Warning
51,94,28,37,89,36,167,Critical
67,61,44,29,36,46,61,Normal
28,60,35,75,77,36,147,Normal
58,80,54,100,58,66,131,Normal
10,44,100,30,40,76,215,Normal
22,68,27,36,54,48,99,Normal
75,69,100,56,61,83,213,Critical
74,50,42,77,60,73,240,Normal
70,43,71,76,80,46,178,Normal
49,54,84,38,42,85,180,Normal
49,52,85,74,61,75,209,Normal
95,84,65,64,56,49,71,Normal
11,85,86,54,39,93,85,Warning
44,58,98,68,73,71,173,Warning
31,53,70,36,48,54,217,Normal
18,59,79,60,59,65,104,Normal
11,92,80,39,59,84,172,Warning
18,47,62,7,72,43,176,Normal
81,39,38,7,48,100,143,Normal
64,35,38,18,57,11,165,Normal
91,90,76,33,48,77,202,Warning
93,83,59,35,35,58,55,Normal
46,74,27,36,50,86,50,Normal
40,77,34,33,79,80,188,Warning
26,50,46,32,58,79,115,Normal
99,55,82,9,81,73,70,Normal
68,95,36,77,57,42,229,Warning
54,95,23,33,52,92,227,Warning
75,54,46,71,80,88,86,Normal
95,47,69,19,54,59,246,Normal
52,72,33,64,69,19,71,Normal
55,38,92,77,46,27,53,Normal
92,80,92,12,55,80,112,Warning
95,58,94,88,90,89,124,Critical
86,90,94,71,79,44,73,Critical
69,87,39,18,45,30,201,Warning
28,83,92,4,62,90,212,Critical
93,51,74,64,87,19,148,Normal
88,45,20,24,71,19,138,Normal
27,48,91,92,82,82,183,Critical
45,73,41,80,60,86,219,Warning
91,88,22,54,83,97,114,Critical
99,48,26,57,48,81,247,Normal
25,83,53,15,80,33,138,Warning
27,76,90,27,83,60,244,Critical
82,61,22,73,64,13,186,Normal
85,92,67,8,58,21,248,Warning
35,68,21,58,60,95,241,Warning
40,46,100,88,62,84,88,Warning
33,72,79,98,73,12,150,Critical
33,92,46,81,82,78,195,Critical
74,94,67,94,74,28,77,Critical
37,59,93,90,48,41,122,Normal
88,69,27,51,88,45,88,Warning
75,59,55,55,84,42,167,Warning
75,42,73,18,88,28,90,Warning
89,68,92,21,59,70,104,Normal
92,84,86,69,45,50,235,Warning
58,94,25,48,79,98,175,Critical
22,55,71,47,84,52,250,Warning
73,56,72,16,40,56,238,Normal
18,52,54,9,79,44,155,Normal
87,57,94,43,68,36,209,Warning
39,52,86,55,48,62,205,Normal
71,63,43,76,51,50,184,Normal
97,68,27,83,57,76,127,Normal
77,79,29,33,37,20,191,Normal
88,61,52,46,60,43,106,Normal
80,85,29,74,44,62,165,Normal
61,39,85,54,68,55,202,Warning
36,62,38,75,64,79,143,Normal
71,69,95,26,67,96,228,Critical
20,64,29,100,46,39,116,Normal
74,76,39,51,64,55,158,Warning
22,86,84,16,45,18,59,Warning
42,83,82,36,71,41,81,Warning
86,64,58,92,89,63,192,Warning
49,42,98,42,76,50,61,Warning
56,65,20,69,72,66,148,Normal
51,72,37,31,73,33,76,Warning
59,53,97,100,53,82,151,Normal
64,90,80,15,90,32,161,Critical
64,45,77,13,70,77,96,Warning
52,84,88,86,44,28,114,Warning
47,91,79,90,87,59,235,Critical
89,35,72,99,86,90,241,Critical
59,81,63,85,77,22,235,Critical
64,70,66,59,69,10,117,Warning
54,62,68,42,69,10,219,Normal
67,59,26,72,44,34,184,Normal
74,79,51,1,67,62,165,Warning
34,62,58,90,74,88,81,Warning
16,57,60,93,87,89,84,Warning
73,80,53,31,81,89,190,Warning
89,82,60,13,86,18,56,Warning
35,80,84,94,62,34,98,Warning
85,63,65,93,82,82,155,Warning
23,51,58,18,73,57,66,Normal
20,91,24,1,79,99,215,Critical
10,71,61,62,64,60,198,Normal
24,48,75,25,86,15,50,Warning
20,77,98,7,79,37,155,Critical
80,47,30,67,84,66,197,Normal
92,84,56,61,80,65,169,Warning
78,43,48,89,52,74,185,Normal
34,91,22,51,72,68,249,Critical
23,38,45,5,49,12,53,Normal
87,85,82,1,38,33,99,Warning
72,47,78,89,74,57,159,Warning
10,40,64,49,46,15,189,Normal
27,55,22,8,44,29,150,Normal
74,64,35,36,71,45,95,Warning
40,51,84,73,50,37,229,Normal
19,53,86,65,64,22,149,Normal
25,85,35,73,47,58,201,Warning
79,95,22,14,61,46,116,Warning
85,49,57,75,89,70,80,Normal
56,80,47,19,44,10,91,Normal
68,71,41,15,51,83,110,Normal
51,84,46,15,87,51,154,Warning
94,79,78,56,90,46,162,Critical
89,86,72,41,75,11,190,Warning
20,52,62,41,66,23,246,Normal
19,54,50,83,65,86,150,Normal
78,74,39,96,77,55,110,Critical
47,72,78,5,80,61,237,Critical
35,62,31,25,61,20,250,Normal
14,47,40,83,75,41,51,Normal
19,40,83,16,67,59,224,Normal
96,93,42,43,76,98,102,Critical
81,87,96,55,40,27,99,Warning
46,92,41,77,44,73,235,Warning
10,94,87,95,89,26,235,Critical
22,68,20,41,61,17,210,Normal
44,56,65,87,72,49,224,Warning
74,78,34,14,79,21,175,Warning
83,70,99,53,51,68,117,Warning
36,37,70,9,49,19,151,Normal
35,69,23,66,54,48,120,Normal
98,46,48,20,53,61,123,Normal
89,37,96,66,85,63,109,Warning
18,74,98,43,88,54,216,Critical
22,79,94,14,35,21,93,Warning
83,66,85,44,89,70,76,Warning
52,83,56,74,72,71,186,Warning
49,40,97,44,64,61,155,Normal
95,81,35,63,51,25,229,Normal
67,68,39,39,49,79,101,Normal
96,93,55,15,66,11,86,Warning
78,57,46,50,53,58,81,Normal
83,44,63,27,64,75,185,Normal
77,45,40,15,76,84,238,Warning
10,58,73,70,87,28,219,Warning
65,38,46,68,57,85,153,Normal
50,44,75,89,41,11,107,Normal
24,43,100,1,87,74,232,Critical
10,52,26,86,53,48,170,Normal
74,80,93,75,57,68,136,Warning
88,66,77,53,90,47,209,Critical
98,56,61,79,36,51,214,Normal
33,59,74,89,62,10,203,Normal
26,75,53,95,69,21,152,Warning
88,67,72,69,39,14,110,Normal
100,39,74,14,76,64,54,Normal
60,43,34,68,50,69,50,Normal
40,44,100,20,73,18,232,Warning
73,62,77,37,37,98,75,Warning
21,44,73,85,53,30,111,Normal
90,43,68,64,64,60,99,Normal
33,40,89,62,49,14,196,Normal
20,59,93,20,43,53,94,Normal
65,76,58,31,82,11,68,Critical
73,62,41,10,82,66,65,Warning
68,41,58,13,67,56,228,Normal
22,87,30,33,89,54,92,Critical
41,94,75,2,90,90,223,Critical
33,59,42,38,61,33,180,Normal
32,79,34,76,60,85,209,Warning
96,54,71,55,82,56,231,Warning
58,78,88,85,47,78,130,Warning
67,63,50,28,57,12,52,Normal
14,56,27,68,49,60,74,Normal
17,66,79,25,68,88,97,Normal
84,37,80,79,85,29,166,Warning
95,84,40,82,53,99,221,Warning
72,70,57,72,52,100,52,Warning
99,41,51,20,62,29,216,Normal
44,91,97,29,56,23,127,Warning
61,42,68,69,53,29,144,Normal
100,69,43,6,51,49,182,Normal
36,54,30,95,70,35,247,Warning
26,53,94,85,35,24,225,Warning
62,88,41,15,44,13,178,Warning
69,84,32,45,51,60,159,Normal
93,62,58,49,62,92,101,Normal
79,67,83,4,50,86,188,Normal
76,43,96,63,83,57,72,Critical
20,60,44,86,89,49,165,Warning
21,72,89,39,69,49,119,Warning
93,84,89,39,75,25,185,Warning
12,71,75,16,66,13,62,Warning
76,76,55,77,58,94,183,Warning
24,63,47,5,78,48,51,Normal
16,63,69,80,67,33,177,Normal
56,54,34,51,73,50,53,Normal
14,37,67,61,86,95,219,Warning
36,46,24,45,49,47,142,Normal
58,57,85,51,74,17,204,Warning
30,84,20,70,39,57,228,Normal
98,43,29,65,51,13,241,Normal
82,45,72,45,84,64,161,Normal
15,51,42,14,55,28,166,Normal
21,62,44,89,38,16,240,Normal
94,43,63,23,41,36,208,Normal
33,78,39,10,35,18,231,Normal
95,77,82,5,81,25,107,Warning
98,92,84,30,65,59,141,Warning
60,70,57,80,43,42,73,Normal
51,74,66,88,65,12,102,Warning
14,46,80,59,52,56,61,Normal
66,46,41,29,84,51,61,Warning
87,87,32,74,38,18,50,Normal
94,72,78,75,51,54,61,Normal
37,92,63,20,70,23,214,Critical
21,41,62,1,87,87,223,Warning
27,79,46,61,57,16,71,Normal
52,50,59,35,46,16,196,Normal
84,95,100,84,52,65,83,Warning
76,47,98,73,78,99,190,Critical
33,70,83,76,84,26,197,Critical
62,46,22,45,83,58,127,Warning
19,37,37,35,41,40,248,Normal
50,70,76,64,45,37,79,Normal
82,86,67,62,81,35,95,Warning
77,43,76,71,85,14,98,Warning
77,65,69,45,35,92,221,Warning
30,70,39,77,44,72,155,Normal
97,71,62,68,42,95,165,Normal
21,68,75,67,70,61,210,Warning
35,59,98,30,52,70,228,Normal
50,38,74,79,65,67,86,Normal
96,56,54,38,55,94,161,Normal
38,74,43,52,62,60,236,Warning
89,74,28,72,74,15,66,Warning
44,81,95,3,35,27,230,Warning
36,50,28,48,74,69,181,Normal
83,60,37,1,82,52,214,Warning
19,68,76,71,37,56,153,Normal
14,87,70,49,44,39,59,Normal
73,56,80,48,57,11,122,Normal
21,72,82,67,56,29,153,Normal
79,64,52,91,76,61,51,Warning
25,90,74,72,46,89,196,Normal
62,42,86,0,41,72,98,Normal
18,66,37,5,48,36,167,Normal
99,85,26,97,44,17,74,Warning
15,52,99,71,35,35,95,Normal
19,69,87,67,55,28,230,Normal
43,82,93,41,75,58,136,Critical
62,90,40,74,35,15,240,Warning
23,54,63,82,42,25,238,Normal
52,44,90,3,61,42,151,Normal
76,75,44,8,35,51,173,Normal
13,72,69,21,71,88,90,Warning
11,71,64,45,68,41,133,Normal
47,48,64,93,51,23,154,Normal
99,70,60,13,82,25,157,Warning
64,41,41,25,80,20,123,Normal
89,54,47,4,43,19,218,Normal
88,91,72,39,77,90,90,Critical
48,38,60,85,44,26,248,Normal
71,83,66,49,72,93,100,Critical
44,91,70,24,84,27,185,Critical
18,35,38,61,62,64,159,Normal
35,52,39,6,58,62,167,Normal
100,86,77,0,56,59,53,Warning
74,40,58,100,63,68,53,Normal
75,47,54,93,68,73,170,Normal
73,77,42,0,52,43,144,Normal
14,39,29,2,82,91,244,Warning
29,86,78,20,62,42,226,Critical
77,72,88,42,49,50,72,Warning
33,38,79,66,79,78,59,Normal
33,77,83,70,39,19,223,Warning
29,63,36,1,58,98,62,Normal
97,35,34,85,76,19,176,Normal
52,50,98,5,47,39,163,Normal
73,46,66,47,35,15,235,Normal
89,81,58,93,51,32,86,Normal
20,81,60,17,73,17,116,Warning
63,66,36,100,74,28,240,Critical
29,94,43,16,37,94,140,Warning
92,55,37,44,49,67,135,Normal
95,62,69,3,56,88,80,Normal
24,44,71,6,38,61,151,Normal
57,81,48,61,65,33,102,Normal
49,59,20,82,83,39,228,Warning
96,35,76,94,40,59,137,Normal
68,68,94,98,67,30,73,Critical
41,77,49,88,36,67,90,Normal
72,84,46,4,69,16,201,Warning
10,48,86,4,35,42,115,Normal
11,69,78,10,47,79,111,Normal
71,92,27,49,79,81,85,Critical
69,94,64,89,90,35,88,Critical
51,47,63,5,86,15,129,Normal
37,75,67,53,77,95,198,Warning
49,47,80,55,55,40,107,Normal
30,59,83,3,73,90,222,Warning
83,93,20,74,56,10,215,Warning
87,50,88,60,61,69,131,Normal
92,76,22,80,58,84,68,Normal
21,66,24,57,76,97,137,Warning
25,80,94,44,36,78,105,Warning
69,79,77,71,90,18,180,Critical
52,49,84,34,49,91,77,Normal
85,50,21,86,59,83,201,Normal
80,44,33,5,47,61,111,Normal
13,63,91,50,61,35,229,Warning
85,46,47,59,65,43,61,Normal
13,76,27,9,38,25,65,Normal
83,77,95,9,50,42,63,Warning
28,38,58,52,60,25,60,Normal
24,85,75,3,64,44,171,Warning
82,54,30,63,70,37,152,Normal
69,94,87,48,73,18,225,Critical
82,49,39,21,80,46,170,Normal
95,67,56,84,71,26,217,Warning
61,87,39,67,53,73,216,Warning
75,88,39,39,84,74,225,Critical
60,44,47,95,57,37,209,Normal
11,65,81,97,70,75,195,Warning
24,53,78,20,66,54,145,Normal
78,36,37,26,51,38,207,Normal
80,48,96,100,69,89,51,Warning
55,82,87,94,69,11,75,Warning
36,62,93,28,52,62,200,Warning
89,64,51,31,84,88,191,Warning
17,77,80,8,65,86,231,Warning
83,75,99,22,41,30,185,Warning
82,84,72,26,69,76,76,Normal
19,35,36,8,84,89,237,Warning
32,59,52,61,63,78,245,Normal
10,69,93,15,43,40,172,Normal
51,65,62,68,74,14,152,Normal
22,84,53,97,74,26,191,Warning
40,76,75,36,90,92,93,Critical
70,76,53,85,48,91,54,Warning
13,59,92,59,39,25,202,Normal
28,55,79,14,73,20,102,Normal
44,70,30,48,60,55,137,Normal
57,77,29,8,68,93,117,Warning
69,51,80,0,54,91,121,Normal
10,56,60,27,70,83,96,Normal
58,52,58,56,63,43,172,Normal
18,68,99,73,81,49,58,Warning
93,86,36,19,48,75,221,Warning
94,44,67,30,76,38,155,Normal
17,51,94,28,69,100,53,Warning
35,70,93,70,63,93,97,Critical
61,61,53,15,63,13,76,Normal
11,88,31,81,85,15,103,Critical
23,35,58,38,63,42,65,Normal
88,36,83,28,88,82,214,Warning
26,46,29,87,83,23,104,Warning
57,89,60,67,77,32,235,Critical
62,75,71,9,46,75,205,Warning
95,90,39,41,39,39,219,Warning
56,81,73,98,77,70,233,Critical
94,48,58,27,82,31,198,Normal
25,73,54,64,39,44,207,Normal
94,72,68,16,75,43,183,Warning
70,91,26,34,38,82,193,Warning
83,77,21,12,75,80,86,Warning
69,93,91,46,90,36,207,Critical
84,89,93,3,48,72,203,Critical
44,45,22,15,35,92,129,Normal
91,89,94,36,45,42,247,Critical
19,91,87,71,59,63,223,Warning
63,66,74,91,77,28,61,Warning
69,39,71,64,60,47,95,Normal
13,82,37,51,60,43,154,Normal
51,88,78,79,52,56,170,Warning
54,64,32,9,68,45,103,Normal
55,54,86,84,60,30,50,Normal
22,51,66,96,82,78,133,Warning
50,52,82,20,51,17,63,Normal
46,94,22,16,68,10,123,Warning
90,87,36,16,54,67,134,Normal
25,89,70,15,42,63,237,Warning
62,82,20,73,71,61,228,Critical
93,47,75,94,80,16,93,Warning
89,44,63,9,79,92,166,Normal
50,56,88,9,42,70,166,Normal
34,37,69,84,39,10,174,Normal
56,35,31,19,62,83,96,Normal
16,60,82,29,63,53,183,Normal
74,80,93,43,65,76,198,Critical
67,89,67,57,42,44,216,Warning
11,88,66,34,69,65,137,Warning
100,57,53,55,35,74,178,Normal
34,82,100,57,61,45,164,Warning
33,79,47,75,70,39,117,Warning
65,69,42,11,43,38,148,Normal
49,80,24,2,73,59,175,Warning
38,67,91,92,39,52,205,Warning
94,95,74,92,38,15,160,Warning
29,60,33,22,72,56,114,Normal
50,77,66,45,56,12,222,Normal
35,57,32,10,84,63,242,Warning
67,37,28,56,90,71,209,Warning
11,69,96,50,41,99,168,Warning
80,72,91,84,72,100,207,Critical
77,49,28,69,35,93,241,Normal
34,49,38,80,69,95,124,Normal
66,50,33,41,55,17,133,Normal
93,75,47,14,40,13,166,Normal
12,94,26,8,51,50,172,Normal
74,91,52,98,37,58,83,Warning
58,59,66,57,88,57,242,Warning
69,84,49,45,58,74,225,Warning
14,40,21,10,75,58,217,Normal
79,90,70,45,79,11,192,Critical
59,62,80,90,84,21,203,Critical
73,39,43,99,89,85,126,Warning
27,80,60,19,41,34,184,Normal
46,81,22,93,74,24,112,Warning
17,84,40,78,39,69,81,Normal
57,74,48,0,39,63,235,Normal
35,89,36,63,54,24,91,Normal
55,40,51,55,77,69,70,Normal
37,76,47,99,45,64,142,Normal
42,90,82,46,58,84,230,Warning
96,92,32,82,71,51,203,Critical
33,69,56,32,84,54,187,Warning
20,85,97,25,82,99,86,Critical
57,45,91,49,57,86,132,Normal
41,47,29,8,66,63,55,Normal
86,82,81,64,36,27,215,Warning
95,57,89,36,86,68,110,Warning
73,70,44,85,65,64,219,Critical
44,92,43,0,84,11,131,Critical
27,55,80,78,65,55,152,Normal
46,64,36,45,80,91,232,Warning
23,71,58,57,86,72,193,Warning
72,81,59,94,86,14,167,Critical
96,74,78,41,66,92,214,Critical
37,85,49,0,37,99,71,Warning
52,64,38,29,55,31,117,Normal
40,83,21,18,88,63,153,Warning
21,93,22,79,53,78,72,Normal
40,73,32,88,61,42,108,Warning
15,92,31,8,68,35,195,Warning
34,69,50,50,89,53,179,Warning
36,51,27,15,72,57,180,Normal
63,89,73,41,66,41,64,Warning
48,86,37,66,61,34,177,Warning
38,41,65,22,46,72,143,Normal
84,82,74,29,65,46,191,Normal
29,72,64,60,78,50,105,Warning
42,45,43,10,77,93,145,Normal
69,38,30,64,78,71,246,Warning
89,73,38,48,89,79,143,Warning
29,42,65,2,78,94,60,Normal
32,95,96,76,43,62,220,Critical
81,76,45,44,71,22,73,Warning
22,89,44,95,81,42,169,Critical
12,73,40,62,36,45,153,Normal
34,48,58,16,61,92,126,Normal
80,50,95,32,62,82,169,Normal
26,81,33,94,40,39,223,Warning
65,38,86,40,76,44,50,Warning
87,71,65,96,79,27,205,Critical
13,54,35,1,58,93,146,Normal
32,43,58,91,82,45,224,Warning
10,72,54,76,83,81,97,Warning
100,95,43,91,65,11,202,Critical
82,76,23,78,89,10,150,Warning
71,92,21,83,46,99,155,Warning
68,94,86,25,41,30,215,Critical
67,47,24,20,58,83,74,Normal
89,75,63,87,88,23,161,Critical
35,56,94,68,62,27,152,Normal
26,93,35,14,46,19,110,Normal
33,95,45,44,48,69,125,Normal
59,91,46,58,50,11,209,Warning
100,79,59,90,87,12,151,Critical
88,44,76,26,40,52,120,Normal
11,38,22,94,38,63,50,Normal
26,86,87,7,36,44,97,Warning
78,72,38,77,51,29,235,Warning
79,44,51,73,88,95,222,Critical
21,79,88,33,76,60,118,Warning
65,53,44,93,61,36,179,Normal
60,92,71,91,90,67,226,Critical
89,59,67,22,59,79,123,Normal
48,83,55,19,48,74,199,Normal
24,36,27,74,75,26,247,Normal
92,78,54,47,79,24,171,Warning
74,55,96,74,54,65,186,Normal
60,95,96,9,86,14,125,Critical
20,51,92,49,68,25,156,Normal
26,54,99,76,51,22,78,Normal
48,93,58,62,71,90,230,Critical
79,86,34,62,59,19,140,Warning
97,42,53,61,66,86,223,Normal
81,59,57,75,44,51,101,Normal
90,64,66,64,41,41,210,Normal
10,72,52,75,44,37,186,Normal
62,37,28,19,71,91,50,Warning
49,36,62,71,41,67,158,Normal
62,44,83,93,84,73,144,Critical
39,80,35,16,64,96,161,Warning
76,41,24,65,76,52,118,Normal
39,39,41,96,58,17,213,Normal
35,56,31,50,48,93,187,Normal
57,63,41,1,72,82,128,Normal
80,74,41,0,82,28,132,Warning
55,46,50,51,89,86,51,Normal
28,93,49,37,58,96,235,Warning
63,35,39,52,52,13,202,Normal
41,75,64,15,90,62,176,Warning
11,53,91,48,75,70,53,Warning
19,42,92,63,48,24,159,Normal
83,59,70,85,83,36,197,Warning
14,81,27,42,76,48,178,Warning
72,56,72,92,65,47,169,Normal
36,53,82,36,45,62,196,Normal
84,71,99,85,76,11,149,Critical
42,50,30,62,73,54,184,Normal
13,62,48,8,38,85,250,Normal
17,44,25,67,64,68,191,Normal
79,52,56,94,87,85,95,Warning
34,51,56,52,59,36,146,Normal
22,95,76,50,69,65,168,Warning
78,57,32,0,56,56,203,Normal
48,75,82,94,57,14,183,Warning
99,95,67,75,44,15,232,Warning
82,83,84,7,46,25,156,Normal
25,91,91,75,88,20,89,Critical
19,42,25,41,88,54,104,Normal
55,47,95,61,65,57,95,Normal
96,52,99,26,56,75,60,Normal
48,59,94,59,42,94,92,Normal
51,66,64,96,59,15,187,Normal
54,64,83,56,80,44,133,Warning
32,58,68,54,53,12,191,Normal
24,67,68,44,60,76,171,Normal
68,76,69,40,45,75,88,Normal
54,40,65,3,54,16,180,Normal
13,86,87,75,78,25,139,Critical
35,51,46,49,88,27,214,Warning
39,80,90,46,51,78,204,Warning
41,53,87,15,82,85,235,Warning
58,94,80,7,90,41,116,Critical
33,69,59,25,64,79,180,Normal
42,64,47,59,72,29,63,Normal
43,54,68,46,37,51,166,Normal
89,52,87,8,74,93,86,Warning
91,88,99,96,88,86,101,Critical
84,74,40,62,82,37,73,Warning
23,76,21,3,50,94,219,Warning
74,73,28,19,87,54,97,Critical
16,89,55,18,82,90,160,Critical
18,65,68,13,35,66,172,Normal
61,52,34,19,77,46,125,Normal
35,38,40,87,48,10,127,Normal
61,36,33,98,37,65,90,Normal
84,57,97,38,63,61,228,Warning
89,41,73,77,38,20,155,Normal
14,38,45,66,72,81,230,Normal
75,75,71,50,65,78,69,Warning
53,54,26,0,40,80,198,Normal
74,69,36,58,74,75,95,Warning
24,54,30,70,82,78,131,Normal
65,44,93,86,36,13,101,Warning
68,48,51,83,50,51,229,Normal
97,54,90,20,89,35,179,Warning
89,65,85,34,53,59,90,Normal
78,74,46,98,87,59,74,Critical
51,64,47,90,51,93,95,Normal
61,43,82,7,77,30,190,Warning
56,71,32,26,35,26,213,Normal
13,58,79,65,43,13,192,Normal
40,57,45,38,71,72,189,Normal
49,74,29,3,82,74,109,Warning
52,54,75,74,37,96,165,Normal
54,87,20,60,53,72,246,Warning
52,47,28,75,90,90,224,Warning
37,56,51,25,66,69,205,Normal
27,80,20,5,82,83,170,Warning
57,36,86,8,70,41,199,Normal
10,73,85,60,57,65,198,Normal
35,74,76,87,45,28,191,Warning
44,85,87,35,60,62,227,Critical
84,38,87,47,79,44,160,Normal
27,63,68,74,35,57,87,Normal
83,51,76,18,65,55,242,Normal
26,48,24,59,53,57,146,Normal
72,93,95,68,76,18,78,Critical
32,70,100,55,52,58,90,Warning
93,92,96,12,88,76,221,Critical
58,80,38,10,55,80,127,Normal
63,51,27,93,83,38,180,Warning
55,93,69,61,82,36,81,Critical
66,93,44,87,83,15,224,Critical
42,71,99,75,90,23,240,Critical
41,36,74,70,35,66,131,Normal
18,91,42,80,36,10,128,Normal
49,35,25,76,88,16,99,Normal
43,77,85,4,62,67,152,Warning
100,72,20,71,39,55,63,Normal
76,68,60,67,58,75,232,Normal
57,77,34,41,85,79,179,Warning
55,67,70,46,87,75,175,Warning
51,48,68,70,80,41,176,Normal
51,59,90,65,59,17,114,Normal
72,48,23,87,88,58,217,Critical
49,91,99,16,88,96,174,Critical
78,79,35,100,74,15,227,Critical
50,77,41,3,70,23,97,Warning
10,54,77,49,63,16,140,Normal
57,36,46,85,71,34,123,Normal
20,76,60,55,75,12,153,Warning
43,43,37,15,38,77,88,Normal
37,80,94,12,78,71,118,Critical
82,39,23,97,89,55,115,Warning
90,83,71,6,37,98,68,Normal
39,51,35,39,75,46,59,Normal
93,52,22,69,43,53,93,Normal
57,92,57,34,83,11,217,Critical
88,56,46,15,43,46,150,Normal
37,43,53,73,62,12,228,Normal
50,49,82,20,75,81,87,Normal
46,48,92,74,55,57,221,Normal
97,69,36,69,65,10,114,Normal
48,38,89,44,67,83,90,Normal
64,66,66,49,36,63,166,Normal
89,52,32,36,85,80,64,Normal
82,78,28,61,85,60,78,Warning
65,57,66,6,44,67,93,Normal
62,85,21,10,61,74,153,Warning
10,83,59,18,59,37,63,Normal
98,54,26,26,51,57,135,Normal
74,42,27,54,87,78,165,Warning
22,75,41,95,43,28,50,Normal
85,48,23,27,56,86,89,Normal
27,84,22,28,52,68,50,Normal
75,49,27,75,69,49,195,Normal
59,38,36,81,47,83,221,Normal
36,92,68,69,77,81,222,Critical
35,44,60,93,73,98,118,Warning
88,77,90,20,72,15,163,Critical
69,39,27,15,81,76,137,Normal
33,41,86,93,50,53,239,Normal
29,47,81,79,60,20,222,Normal
35,51,80,26,52,78,94,Normal
47,40,78,55,52,36,144,Normal
19,56,64,37,70,92,51,Normal
34,92,65,2,87,87,170,Critical
25,52,42,38,77,69,149,Normal
39,45,90,22,88,95,185,Critical
70,37,29,75,50,66,90,Normal
59,75,64,46,76,28,78,Warning
13,41,61,21,72,41,132,Normal
41,53,23,30,88,84,73,Normal
90,73,50,11,86,100,87,Critical
40,67,56,48,51,71,60,Normal
90,48,72,66,40,85,140,Normal
23,51,84,80,79,84,189,Normal
38,57,49,0,52,46,191,Normal
21,84,63,55,65,75,198,Normal
48,74,58,17,59,12,163,Normal
51,71,80,62,74,90,130,Critical
78,37,46,65,74,48,202,Warning
63,44,53,31,67,87,244,Normal
25,64,33,10,87,95,133,Warning
90,48,72,51,40,58,60,Normal
96,72,89,68,44,28,100,Normal
73,42,30,1,59,98,105,Normal
34,36,82,15,52,32,228,Normal
75,48,84,61,78,61,177,Warning
44,88,52,19,45,64,161,Normal
62,79,50,73,63,64,249,Warning
79,53,25,50,78,42,171,Normal
29,50,86,51,72,88,107,Normal
81,69,34,61,67,42,245,Normal
13,79,38,89,78,92,210,Critical
100,90,41,13,77,75,172,Warning
54,51,85,28,69,43,236,Normal
22,37,76,85,73,11,172,Warning
46,66,43,19,88,80,166,Warning
52,62,78,86,41,84,118,Normal
81,73,96,78,72,47,212,Critical
76,60,62,32,40,69,220,Normal
87,35,66,67,75,19,218,Normal
85,72,28,55,41,32,189,Normal
95,55,52,84,85,70,198,Normal
41,59,27,37,51,42,218,Normal
15,94,47,62,56,82,90,Normal
59,42,96,61,44,57,157,Normal
58,86,58,71,62,92,180,Warning
87,76,27,55,86,91,197,Critical
10,86,62,44,69,13,214,Warning
55,85,36,17,78,40,210,Critical
74,60,94,35,89,66,184,Critical
82,51,37,88,88,15,247,Warning
57,64,61,10,48,27,98,Normal
48,52,38,92,72,72,216,Warning
52,88,81,8,59,85,213,Warning
81,49,30,16,68,46,206,Normal
98,66,70,37,41,73,70,Normal
93,45,37,52,65,48,204,Normal
79,43,92,21,61,51,136,Warning
58,80,69,6,67,47,109,Normal
44,76,83,30,49,52,203,Warning
83,90,100,33,69,50,102,Critical
100,86,84,59,76,94,175,Critical
56,86,25,7,90,14,206,Critical
65,46,49,18,86,47,171,Warning
18,86,20,25,37,14,162,Normal
82,42,27,73,73,32,247,Normal
49,68,49,30,43,45,136,Normal
64,44,24,37,39,85,110,Normal
78,41,26,61,44,18,148,Normal
79,68,81,6,78,42,101,Warning
57,57,95,91,36,97,166,Warning
50,61,49,85,88,50,119,Warning
54,92,68,93,54,48,64,Warning
92,72,42,40,36,20,231,Normal
40,84,39,82,48,42,147,Normal
91,67,49,3,55,95,166,Normal
27,91,46,56,42,13,193,Normal
26,69,81,20,35,51,98,Normal
75,35,47,90,72,15,159,Warning
64,95,51,17,47,52,159,Warning
38,49,96,36,48,65,118,Normal
20,54,24,77,54,54,235,Normal
59,68,60,17,69,90,248,Warning
43,43,64,75,88,80,173,Normal
67,40,70,23,76,51,125,Normal
89,68,99,23,77,66,73,Warning
20,79,45,100,43,24,191,Normal
15,63,32,25,82,64,135,Warning
51,37,63,78,79,22,160,Normal
42,60,100,4,36,68,224,Warning
33,74,22,6,65,98,85,Warning
71,76,36,98,55,16,163,Warning
23,44,69,24,42,61,188,Normal
68,47,94,14,38,16,99,Normal
69,74,99,82,44,93,238,Critical
87,75,49,40,35,61,128,Normal
49,70,32,61,45,94,66,Normal
20,49,29,54,71,52,205,Normal
77,74,73,48,90,27,155,Critical
52,85,97,82,37,79,206,Critical
24,65,35,93,45,77,197,Normal
95,77,75,7,57,79,79,Normal
59,73,97,2,42,15,247,Warning
71,41,22,50,64,82,181,Normal
87,93,88,57,86,85,229,Critical
95,70,21,36,50,75,241,Normal
30,35,36,85,35,69,112,Normal
57,61,27,34,47,64,219,Normal
99,64,87,75,64,12,129,Normal
49,87,75,100,69,51,120,Critical
37,82,55,44,86,65,148,Warning
76,42,42,11,79,54,69,Normal
17,54,26,67,81,91,116,Normal
28,81,97,86,64,23,179,Critical
85,38,59,21,56,31,117,Normal
63,82,50,34,80,94,242,Critical
70,80,80,97,46,16,190,Warning
82,50,50,33,76,71,136,Normal
69,83,54,18,40,66,111,Normal
58,66,32,76,80,52,161,Normal
37,85,95,98,87,25,218,Critical
71,38,51,45,60,56,223,Normal
48,45,24,51,68,54,245,Normal
20,42,46,90,52,30,142,Normal
79,61,26,6,61,11,228,Warning
25,77,100,19,62,100,201,Critical
68,60,36,91,37,49,113,Normal
56,47,37,65,61,76,159,Normal
35,83,33,60,52,66,222,Normal
27,41,38,32,56,18,200,Normal
58,72,34,80,74,27,209,Warning
17,60,94,88,83,19,65,Critical
86,78,59,88,89,96,144,Critical
25,85,57,19,87,33,221,Critical
100,56,85,50,52,94,172,Normal
48,61,100,5,57,71,85,Normal
97,59,37,67,58,69,53,Normal
30,38,51,49,69,14,162,Normal
77,61,55,15,73,38,156,Warning
32,83,68,41,80,79,132,Warning
20,41,54,95,89,83,188,Warning
68,85,69,74,70,16,121,Critical
20,58,29,44,67,25,114,Normal
68,53,29,84,61,33,102,Normal
77,94,56,55,52,65,212,Warning
64,66,43,60,68,72,227,Warning
23,58,50,36,70,65,193,Normal
92,47,55,57,79,24,249,Normal
17,66,36,52,80,66,121,Normal
78,58,35,29,59,20,161,Normal
82,69,25,90,87,10,236,Critical
22,92,36,20,67,13,249,Warning
70,87,57,97,72,22,56,Critical
93,87,89,60,45,22,114,Warning
88,36,33,72,84,20,85,Normal
54,46,27,20,81,38,63,Normal
52,59,49,83,77,59,162,Normal
89,50,25,1,68,14,225,Normal
48,83,38,73,63,75,152,Normal
55,67,58,36,76,86,201,Warning
95,95,27,61,57,100,137,Warning
62,43,30,63,87,66,135,Warning
14,68,88,68,69,52,121,Normal
15,48,49,64,50,83,230,Normal
30,67,21,88,41,82,79,Normal
38,48,95,48,46,29,179,Normal
25,61,68,63,36,18,69,Normal
22,53,73,88,56,42,87,Normal
69,91,71,72,73,84,218,Critical
86,81,39,1,81,43,178,Warning
23,90,61,62,89,77,166,Critical
11,88,76,1,67,99,104,Critical
86,57,31,51,65,73,173,Normal
19,71,39,49,87,100,208,Critical
87,92,83,51,80,60,51,Critical
39,49,39,56,57,38,200,Normal
67,39,60,75,55,75,184,Normal
28,93,95,52,68,75,237,Critical
42,84,32,64,64,48,223,Warning
92,93,78,81,56,75,60,Warning
80,68,23,1,69,73,240,Normal
26,59,42,10,83,97,98,Warning
74,87,52,29,36,22,224,Warning
44,65,33,92,68,26,105,Normal
51,40,26,9,90,77,140,Normal
15,43,90,67,64,99,74,Warning
62,43,77,15,82,35,245,Critical
95,82,100,43,73,86,72,Critical
11,89,35,46,58,95,172,Warning
87,36,26,23,60,48,86,Normal
64,61,53,58,64,89,242,Warning
96,43,76,5,51,68,233,Normal
12,62,61,6,36,64,181,Normal
64,60,64,99,45,34,131,Normal
73,52,42,57,66,44,235,Normal
98,75,68,52,44,53,184,Normal
54,38,55,32,53,65,105,Normal
57,85,84,36,53,23,177,Warning
13,64,82,9,46,95,84,Normal
90,41,90,41,83,35,148,Warning
11,45,36,65,56,68,187,Normal
71,90,86,7,87,92,116,Critical
74,45,45,39,39,73,102,Normal
24,40,86,61,68,82,203,Normal
73,35,87,87,49,29,224,Warning
17,67,58,96,42,25,196,Normal
30,94,21,81,80,90,213,Critical
71,53,37,82,72,51,229,Warning
61,81,74,39,89,80,145,Critical
69,53,89,62,58,64,73,Normal
23,86,32,71,67,24,194,Warning
17,59,31,31,60,90,166,Normal
40,86,47,30,77,68,128,Warning
43,65,43,50,42,94,220,Normal
76,59,32,27,85,100,105,Warning
81,68,36,72,53,32,139,Normal
53,82,78,16,65,26,189,Warning
98,43,82,85,85,69,63,Warning
83,52,81,37,60,10,216,Normal
77,74,92,0,40,82,248,Critical
60,89,87,46,82,27,111,Critical
85,83,46,16,45,50,85,Normal
93,58,51,7,88,22,187,Normal
92,67,28,74,66,10,104,Normal
65,75,50,8,70,39,203,Critical
58,73,45,48,68,17,147,Normal
14,84,31,15,59,65,177,Normal
56,65,45,47,46,82,81,Normal
98,84,30,40,44,14,211,Normal
90,47,72,14,61,74,218,Normal
92,52,53,19,37,14,72,Normal
48,93,77,73,49,50,165,Warning
42,93,31,66,43,30,131,Normal
97,38,25,78,90,19,178,Normal
78,81,41,70,52,48,233,Warning
56,72,83,75,59,50,101,Normal
60,80,72,93,85,29,204,Critical
87,95,38,64,54,66,172,Normal
25,65,41,52,47,86,159,Normal
69,67,76,42,46,87,173,Normal
51,88,57,74,65,20,81,Warning
31,43,43,60,37,31,100,Normal
43,65,87,96,64,61,244,Warning
56,72,77,39,56,16,246,Warning
50,36,40,87,47,79,217,Normal
84,76,83,8,84,21,199,Critical
95,56,54,48,69,53,108,Normal
78,35,28,61,41,91,129,Normal
66,51,93,53,56,84,178,Normal
30,42,100,38,86,52,150,Warning
76,74,100,62,82,16,136,Critical
59,87,51,64,51,49,132,Normal
24,42,91,41,74,20,130,Warning
18,46,80,50,41,71,137,Normal
40,46,24,50,69,47,66,Normal
92,69,92,93,41,25,84,Warning
67,37,98,63,86,64,209,Critical
74,69,97,82,38,93,159,Warning
60,65,62,89,42,79,77,Normal
42,64,34,17,52,21,215,Normal
57,37,99,19,52,70,99,Normal
12,63,82,46,64,30,138,Normal
48,89,67,73,70,39,250,Critical
15,38,23,33,81,11,203,Normal
24,43,50,26,40,45,153,Normal
63,83,42,61,86,96,141,Critical
92,50,41,18,77,86,230,Normal
73,67,65,92,87,28,161,Critical
17,56,35,66,41,65,58,Normal
22,74,82,25,36,85,163,Normal
27,86,39,21,56,17,176,Normal
16,56,70,88,65,24,101,Normal
58,75,53,33,79,70,85,Warning
73,45,96,99,44,21,186,Warning
33,69,64,14,83,63,190,Warning
56,68,27,15,46,66,211,Normal
92,83,99,93,51,16,174,Warning
99,92,77,89,47,73,180,Warning
34,73,88,34,60,36,189,Warning
79,93,23,65,52,86,98,Warning
38,44,83,68,44,73,100,Normal
67,38,36,85,55,63,150,Normal
36,53,80,24,57,28,63,Normal
91,48,30,28,78,67,67,Normal
70,50,89,28,83,46,189,Warning
97,95,46,47,46,25,168,Normal
37,90,64,68,83,69,169,Critical
39,50,56,97,74,21,60,Normal
80,57,29,42,54,47,207,Normal
98,66,24,59,60,88,64,Normal
70,44,53,69,44,29,86,Normal
94,45,43,17,65,24,103,Normal
13,48,27,94,45,88,120,Normal
33,47,35,97,39,59,86,Normal
25,50,89,63,51,27,158,Normal
100,78,55,28,68,26,95,Normal
11,73,82,12,49,61,60,Normal
99,46,38,21,47,71,243,Normal
23,46,35,46,52,52,216,Normal
73,66,71,11,80,36,78,Warning
44,90,73,4,37,80,51,Normal
98,90,31,37,77,20,214,Critical
96,55,87,2,82,77,172,Warning
63,58,51,18,78,65,146,Normal
42,64,61,38,71,81,201,Warning
12,92,53,79,39,70,77,Normal
69,35,59,62,76,34,56,Normal
48,71,89,36,41,52,227,Warning
35,95,84,19,45,55,214,Warning
63,95,79,57,36,78,156,Warning
32,63,81,31,54,10,115,Normal
71,78,54,90,72,70,191,Critical
98,86,62,78,61,58,250,Warning
44,84,90,63,44,15,195,Warning
74,39,29,81,86,18,108,Warning
72,52,82,78,45,84,210,Normal
26,36,100,98,56,92,218,Warning
22,71,63,30,41,39,101,Normal
20,39,36,28,53,33,218,Normal
68,61,45,16,47,14,181,Normal
78,72,84,1,47,51,131,Warning
87,58,51,21,63,47,203,Normal
61,86,20,88,60,49,222,Critical
22,48,56,33,82,94,93,Warning
62,72,68,45,90,100,124,Critical
99,60,85,33,79,72,143,Warning
31,53,66,46,42,45,230,Normal
52,41,66,7,72,59,110,Normal
22,53,50,25,64,41,158,Normal
32,50,95,24,41,15,227,Normal
71,85,53,48,55,55,208,Warning
84,60,85,50,47,78,145,Normal
62,46,48,77,45,26,77,Normal
62,84,85,27,44,77,245,Warning
43,69,93,42,77,44,162,Warning
93,90,28,22,75,22,207,Critical
10,71,23,35,45,58,84,Normal
39,55,84,51,52,37,105,Normal
34,65,85,99,75,63,75,Warning
28,72,88,0,57,39,220,Warning
74,84,91,82,88,92,54,Critical
78,38,62,44,36,38,123,Normal
28,43,76,24,41,72,93,Normal
59,78,37,9,75,13,206,Warning
44,44,30,64,39,83,116,Normal
28,40,100,65,70,72,136,Warning
22,46,30,53,79,87,209,Normal
49,92,39,94,83,47,114,Critical
55,36,87,28,37,20,145,Normal
90,91,29,14,61,43,163,Warning
86,74,84,15,45,75,99,Normal
48,72,21,64,68,83,210,Warning
43,49,96,5,40,19,168,Normal
48,54,54,0,56,91,142,Normal
69,58,21,42,76,87,161,Normal
50,78,23,52,40,63,52,Normal
63,35,94,29,78,37,53,Warning
77,75,86,2,51,18,243,Warning
94,52,76,48,68,23,192,Normal
48,46,92,43,44,67,194,Normal
48,44,83,27,67,14,154,Normal
35,38,82,29,56,14,144,Normal
91,93,84,3,56,34,154,Warning
63,74,74,6,54,87,95,Normal
65,47,36,66,39,79,181,Normal
23,48,95,73,61,78,102,Normal
